,,,,,,
,https://www.dreamyprints.com/p/legendary-printable-wall-art/,,,,,
,https://www.dreamyprints.com/p/love-your-life/,,,,,
,https://www.dreamyprints.com/p/my-brain-has-too-many-tabs-open-black-and-white-printable-wall-art-quote/,,,,,
,https://www.dreamyprints.com/p/hello-gorgeous/,,,,,
,https://www.dreamyprints.com/p/love-what-you-do/,,,,,
,https://www.dreamyprints.com/p/do-what-you-love/,,,,,
,https://www.dreamyprints.com/p/she-needed-a-real-hero-she-became-one/,,,,,
,https://www.dreamyprints.com/p/boss-babe/,,,,,
,https://www.dreamyprints.com/p/act-like-a-lady-think-like-a-boss/,,,,,
,https://www.dreamyprints.com/p/life-is-tough-darling/,,,,,
,https://www.dreamyprints.com/p/lady-boss/,,,,,
,https://www.dreamyprints.com/p/so-she-did/,,,,,
,https://www.dreamyprints.com/p/she-believed-she-could/,,,,,
,https://www.dreamyprints.com/p/treat-yo-self/,,,,,
,https://www.dreamyprints.com/p/do-epic-shit/,,,,,
,https://www.dreamyprints.com/p/live-your-dreams/,,,,,
,https://www.dreamyprints.com/p/lets/,,,,,
,https://www.dreamyprints.com/p/dinner-is-better-when-we-eat-together/,,,,,
,https://www.dreamyprints.com/p/maybe-swearing-will-help/,,,,,
,https://www.dreamyprints.com/p/get-naked/,,,,,
